Letters,Sounds,Letter_Classification,Mei_Uyirmei_Classification_Sound,Kuril_Nedil_Classification,,,,,,,,,,,
அ,Vowels ,Uyir_Eluthu,,Kuril_Eluthu,,,,,,,,,,,
ஆ,Vowels ,Uyir_Eluthu,,Nedil_Eluthu,,,,,,,,,,,
இ,Vowels ,Uyir_Eluthu,,Kuril_Eluthu,,,,,,,,,,,
ஈ,Vowels ,Uyir_Eluthu,,Nedil_Eluthu,,,,,,,,,,,
உ,Vowels ,Uyir_Eluthu,,Kuril_Eluthu,,,,,,,,,,,
ஊ,Vowels ,Uyir_Eluthu,,Nedil_Eluthu,,,,,,,,,,,
எ,Vowels ,Uyir_Eluthu,,Kuril_Eluthu,,,,,,,,,,,
ஏ,Vowels ,Uyir_Eluthu,,Nedil_Eluthu,,,,,,,,,,,
ஐ,Vowels ,Uyir_Eluthu,,Nedil_Eluthu,,,,,,,,,,,
ஒ,Vowels ,Uyir_Eluthu,,Kuril_Eluthu,,,,,,,,,,,
ஓ,Vowels ,Uyir_Eluthu,,Nedil_Eluthu,,,,,,,,,,,
ஔ,Vowels ,Uyir_Eluthu,,Nedil_Eluthu,,,,,,,,,,,
ஃ,Consonants ,Aayutha_Eluthu,,,,,,,,,,,,,
க்,Consonants ,Mei_Eluthu,vallinam,,,,,,,,,,,,
ங்,Consonants ,Mei_Eluthu,mellinam,,,,,,,,,,,,
ச்,Consonants ,Mei_Eluthu,vallinam,,,,,,,,,,,,
ஞ்,Consonants ,Mei_Eluthu,mellinam,,,,,,,,,,,,
ட்,Consonants ,Mei_Eluthu,vallinam,,,,,,,,,,,,
ண்,Consonants ,Mei_Eluthu,mellinam,,,,,,,,,,,,
த்,Consonants ,Mei_Eluthu,vallinam,,,,,,,,,,,,
ந்,Consonants ,Mei_Eluthu,mellinam,,,,,,,,,,,,
ப்,Consonants ,Mei_Eluthu,vallinam,,,,,,,,,,,,
ம்,Consonants ,Mei_Eluthu,mellinam,,,,,,,,,,,,
ய்,Consonants ,Mei_Eluthu,idaiyinam,,,,,,,,,,,,
ர்,Consonants ,Mei_Eluthu,idaiyinam,,,,,,,,,,,,
ல்,Consonants ,Mei_Eluthu,idaiyinam,,,,,,,,,,,,
வ்,Consonants ,Mei_Eluthu,idaiyinam,,,,,,,,,,,,
ழ்,Consonants ,Mei_Eluthu,idaiyinam,,,,,,,,,,,,
ள்,Consonants ,Mei_Eluthu,idaiyinam,,,,,,,,,,,,
ற்,Consonants ,Mei_Eluthu,vallinam,,,,,,,,,,,,
ன்,Consonants ,Mei_Eluthu,mellinam,,,,,,,,,,,,
க,Vowel-Consonants ,Uyirmei_Eluthu,uyirmei_vallinam,uyirmei_kuril_eluthu,,,,,,,,,,,
ங,Vowel-Consonants ,Uyirmei_Eluthu,uyirmei_mellinam,uyirmei_kuril_eluthu,,,,,,,,,,,
ச,Vowel-Consonants ,Uyirmei_Eluthu,uyirmei_vallinam,uyirmei_kuril_eluthu,,,,,,,,,,,
ஞ,Vowel-Consonants ,Uyirmei_Eluthu,uyirmei_mellinam,uyirmei_kuril_eluthu,,,,,,,,,,,
ட,Vowel-Consonants ,Uyirmei_Eluthu,uyirmei_vallinam,uyirmei_kuril_eluthu,,,,,,,,,,,
ண,Vowel-Consonants ,Uyirmei_Eluthu,uyirmei_mellinam,uyirmei_kuril_eluthu,,,,,,,,,,,
த,Vowel-Consonants ,Uyirmei_Eluthu,uyirmei_vallinam,uyirmei_kuril_eluthu,,,,,,,,,,,
ந,Vowel-Consonants ,Uyirmei_Eluthu,uyirmei_mellinam,uyirmei_kuril_eluthu,,,,,,,,,,,
ப,Vowel-Consonants ,Uyirmei_Eluthu,uyirmei_vallinam,uyirmei_kuril_eluthu,,,,,,,,,,,
ம,Vowel-Consonants ,Uyirmei_Eluthu,uyirmei_mellinam,uyirmei_kuril_eluthu,,,,,,,,,,,
ய,Vowel-Consonants ,Uyirmei_Eluthu,uyirmei_idaiyinam,uyirmei_kuril_eluthu,,,,,,,,,,,
ர,Vowel-Consonants ,Uyirmei_Eluthu,uyirmei_idaiyinam,uyirmei_kuril_eluthu,,,,,,,,,,,
ல,Vowel-Consonants ,Uyirmei_Eluthu,uyirmei_idaiyinam,uyirmei_kuril_eluthu,,,,,,,,,,,
வ,Vowel-Consonants ,Uyirmei_Eluthu,uyirmei_idaiyinam,uyirmei_kuril_eluthu,,,,,,,,,,,
ழ,Vowel-Consonants ,Uyirmei_Eluthu,uyirmei_idaiyinam,uyirmei_kuril_eluthu,,,,,,,,,,,
ள,Vowel-Consonants ,Uyirmei_Eluthu,uyirmei_idaiyinam,uyirmei_kuril_eluthu,,,,,,,,,,,
ற,Vowel-Consonants ,Uyirmei_Eluthu,uyirmei_vallinam,uyirmei_kuril_eluthu,,,,,,,,,,,
ன,Vowel-Consonants ,Uyirmei_Eluthu,uyirmei_mellinam,uyirmei_kuril_eluthu,,,,,,,,,,,
கா,Vowel-Consonants ,Uyirmei_Eluthu,uyirmei_vallinam,uyirmei_nedil_eluthu,,,,,,,,,,,
ஙா,Vowel-Consonants ,Uyirmei_Eluthu,uyirmei_mellinam,uyirmei_nedil_eluthu,,,,,,,,,,,
சா,Vowel-Consonants ,Uyirmei_Eluthu,uyirmei_vallinam,uyirmei_nedil_eluthu,,,,,,,,,,,
ஞா,Vowel-Consonants ,Uyirmei_Eluthu,uyirmei_mellinam,uyirmei_nedil_eluthu,,,,,,,,,,,
டா,Vowel-Consonants ,Uyirmei_Eluthu,uyirmei_vallinam,uyirmei_nedil_eluthu,,,,,,,,,,,
ணா,Vowel-Consonants ,Uyirmei_Eluthu,uyirmei_mellinam,uyirmei_nedil_eluthu,,,,,,,,,,,
தா,Vowel-Consonants ,Uyirmei_Eluthu,uyirmei_vallinam,uyirmei_nedil_eluthu,,,,,,,,,,,
நா,Vowel-Consonants ,Uyirmei_Eluthu,uyirmei_mellinam,uyirmei_nedil_eluthu,,,,,,,,,,,
பா,Vowel-Consonants ,Uyirmei_Eluthu,uyirmei_vallinam,uyirmei_nedil_eluthu,,,,,,,,,,,
மா,Vowel-Consonants ,Uyirmei_Eluthu,uyirmei_mellinam,uyirmei_nedil_eluthu,,,,,,,,,,,
யா,Vowel-Consonants ,Uyirmei_Eluthu,uyirmei_idaiyinam,uyirmei_nedil_eluthu,,,,,,,,,,,
ரா,Vowel-Consonants ,Uyirmei_Eluthu,uyirmei_idaiyinam,uyirmei_nedil_eluthu,,,,,,,,,,,
லா,Vowel-Consonants ,Uyirmei_Eluthu,uyirmei_idaiyinam,uyirmei_nedil_eluthu,,,,,,,,,,,
வா,Vowel-Consonants ,Uyirmei_Eluthu,uyirmei_idaiyinam,uyirmei_nedil_eluthu,,,,,,,,,,,
ழா,Vowel-Consonants ,Uyirmei_Eluthu,uyirmei_idaiyinam,uyirmei_nedil_eluthu,,,,,,,,,,,
ளா,Vowel-Consonants ,Uyirmei_Eluthu,uyirmei_idaiyinam,uyirmei_nedil_eluthu,,,,,,,,,,,
றா,Vowel-Consonants ,Uyirmei_Eluthu,uyirmei_vallinam,uyirmei_nedil_eluthu,,,,,,,,,,,
னா,Vowel-Consonants ,Uyirmei_Eluthu,uyirmei_mellinam,uyirmei_nedil_eluthu,,,,,,,,,,,
கி,Vowel-Consonants ,Uyirmei_Eluthu,uyirmei_vallinam,uyirmei_kuril_eluthu,,,,,,,,,,,
ஙி,Vowel-Consonants ,Uyirmei_Eluthu,uyirmei_mellinam,uyirmei_kuril_eluthu,,,,,,,,,,,
சி,Vowel-Consonants ,Uyirmei_Eluthu,uyirmei_vallinam,uyirmei_kuril_eluthu,,,,,,,,,,,
ஞி,Vowel-Consonants ,Uyirmei_Eluthu,uyirmei_mellinam,uyirmei_kuril_eluthu,,,,,,,,,,,
டி,Vowel-Consonants ,Uyirmei_Eluthu,uyirmei_vallinam,uyirmei_kuril_eluthu,,,,,,,,,,,
ணி,Vowel-Consonants ,Uyirmei_Eluthu,uyirmei_mellinam,uyirmei_kuril_eluthu,,,,,,,,,,,
தி,Vowel-Consonants ,Uyirmei_Eluthu,uyirmei_vallinam,uyirmei_kuril_eluthu,,,,,,,,,,,
நி,Vowel-Consonants ,Uyirmei_Eluthu,uyirmei_mellinam,uyirmei_kuril_eluthu,,,,,,,,,,,
பி,Vowel-Consonants ,Uyirmei_Eluthu,uyirmei_vallinam,uyirmei_kuril_eluthu,,,,,,,,,,,
மி,Vowel-Consonants ,Uyirmei_Eluthu,uyirmei_mellinam,uyirmei_kuril_eluthu,,,,,,,,,,,
யி,Vowel-Consonants ,Uyirmei_Eluthu,uyirmei_idaiyinam,uyirmei_kuril_eluthu,,,,,,,,,,,
ரி,Vowel-Consonants ,Uyirmei_Eluthu,uyirmei_idaiyinam,uyirmei_kuril_eluthu,,,,,,,,,,,
லி,Vowel-Consonants ,Uyirmei_Eluthu,uyirmei_idaiyinam,uyirmei_kuril_eluthu,,,,,,,,,,,
வி,Vowel-Consonants ,Uyirmei_Eluthu,uyirmei_idaiyinam,uyirmei_kuril_eluthu,,,,,,,,,,,
ழி,Vowel-Consonants ,Uyirmei_Eluthu,uyirmei_idaiyinam,uyirmei_kuril_eluthu,,,,,,,,,,,
ளி,Vowel-Consonants ,Uyirmei_Eluthu,uyirmei_idaiyinam,uyirmei_kuril_eluthu,,,,,,,,,,,
றி,Vowel-Consonants ,Uyirmei_Eluthu,uyirmei_vallinam,uyirmei_kuril_eluthu,,,,,,,,,,,
னி,Vowel-Consonants ,Uyirmei_Eluthu,uyirmei_mellinam,uyirmei_kuril_eluthu,,,,,,,,,,,
கீ,Vowel-Consonants ,Uyirmei_Eluthu,uyirmei_vallinam,uyirmei_nedil_eluthu,,,,,,,,,,,
ஙீ,Vowel-Consonants ,Uyirmei_Eluthu,uyirmei_mellinam,uyirmei_nedil_eluthu,,,,,,,,,,,
சீ,Vowel-Consonants ,Uyirmei_Eluthu,uyirmei_vallinam,uyirmei_nedil_eluthu,,,,,,,,,,,
ஞீ,Vowel-Consonants ,Uyirmei_Eluthu,uyirmei_mellinam,uyirmei_nedil_eluthu,,,,,,,,,,,
டீ,Vowel-Consonants ,Uyirmei_Eluthu,uyirmei_vallinam,uyirmei_nedil_eluthu,,,,,,,,,,,
ணீ,Vowel-Consonants ,Uyirmei_Eluthu,uyirmei_mellinam,uyirmei_nedil_eluthu,,,,,,,,,,,
தீ,Vowel-Consonants ,Uyirmei_Eluthu,uyirmei_vallinam,uyirmei_nedil_eluthu,,,,,,,,,,,
நீ,Vowel-Consonants ,Uyirmei_Eluthu,uyirmei_mellinam,uyirmei_nedil_eluthu,,,,,,,,,,,
பீ,Vowel-Consonants ,Uyirmei_Eluthu,uyirmei_vallinam,uyirmei_nedil_eluthu,,,,,,,,,,,
மீ,Vowel-Consonants ,Uyirmei_Eluthu,uyirmei_mellinam,uyirmei_nedil_eluthu,,,,,,,,,,,
யீ,Vowel-Consonants ,Uyirmei_Eluthu,uyirmei_idaiyinam,uyirmei_nedil_eluthu,,,,,,,,,,,
ரீ,Vowel-Consonants ,Uyirmei_Eluthu,uyirmei_idaiyinam,uyirmei_nedil_eluthu,,,,,,,,,,,
லீ,Vowel-Consonants ,Uyirmei_Eluthu,uyirmei_idaiyinam,uyirmei_nedil_eluthu,,,,,,,,,,,
வீ,Vowel-Consonants ,Uyirmei_Eluthu,uyirmei_idaiyinam,uyirmei_nedil_eluthu,,,,,,,,,,,
ழீ,Vowel-Consonants ,Uyirmei_Eluthu,uyirmei_idaiyinam,uyirmei_nedil_eluthu,,,,,,,,,,,
ளீ,Vowel-Consonants ,Uyirmei_Eluthu,uyirmei_idaiyinam,uyirmei_nedil_eluthu,,,,,,,,,,,
றீ,Vowel-Consonants ,Uyirmei_Eluthu,uyirmei_vallinam,uyirmei_nedil_eluthu,,,,,,,,,,,
னீ,Vowel-Consonants ,Uyirmei_Eluthu,uyirmei_mellinam,uyirmei_nedil_eluthu,,,,,,,,,,,
கு,Vowel-Consonants ,Uyirmei_Eluthu,uyirmei_vallinam,uyirmei_kuril_eluthu,,,,,,,,,,,
ஙூ,Vowel-Consonants ,Uyirmei_Eluthu,uyirmei_mellinam,uyirmei_kuril_eluthu,,,,,,,,,,,
சு,Vowel-Consonants ,Uyirmei_Eluthu,uyirmei_vallinam,uyirmei_kuril_eluthu,,,,,,,,,,,
ஞு,Vowel-Consonants ,Uyirmei_Eluthu,uyirmei_mellinam,uyirmei_kuril_eluthu,,,,,,,,,,,
டு,Vowel-Consonants ,Uyirmei_Eluthu,uyirmei_vallinam,uyirmei_kuril_eluthu,,,,,,,,,,,
ணு,Vowel-Consonants ,Uyirmei_Eluthu,uyirmei_mellinam,uyirmei_kuril_eluthu,,,,,,,,,,,
து,Vowel-Consonants ,Uyirmei_Eluthu,uyirmei_vallinam,uyirmei_kuril_eluthu,,,,,,,,,,,
நு,Vowel-Consonants ,Uyirmei_Eluthu,uyirmei_mellinam,uyirmei_kuril_eluthu,,,,,,,,,,,
பு,Vowel-Consonants ,Uyirmei_Eluthu,uyirmei_vallinam,uyirmei_kuril_eluthu,,,,,,,,,,,
மு,Vowel-Consonants ,Uyirmei_Eluthu,uyirmei_mellinam,uyirmei_kuril_eluthu,,,,,,,,,,,
யு,Vowel-Consonants ,Uyirmei_Eluthu,uyirmei_idaiyinam,uyirmei_kuril_eluthu,,,,,,,,,,,
ரு,Vowel-Consonants ,Uyirmei_Eluthu,uyirmei_idaiyinam,uyirmei_kuril_eluthu,,,,,,,,,,,
லு,Vowel-Consonants ,Uyirmei_Eluthu,uyirmei_idaiyinam,uyirmei_kuril_eluthu,,,,,,,,,,,
வு,Vowel-Consonants ,Uyirmei_Eluthu,uyirmei_idaiyinam,uyirmei_kuril_eluthu,,,,,,,,,,,
ழு,Vowel-Consonants ,Uyirmei_Eluthu,uyirmei_idaiyinam,uyirmei_kuril_eluthu,,,,,,,,,,,
ளு,Vowel-Consonants ,Uyirmei_Eluthu,uyirmei_idaiyinam,uyirmei_kuril_eluthu,,,,,,,,,,,
று,Vowel-Consonants ,Uyirmei_Eluthu,uyirmei_vallinam,uyirmei_kuril_eluthu,,,,,,,,,,,
னு,Vowel-Consonants ,Uyirmei_Eluthu,uyirmei_mellinam,uyirmei_kuril_eluthu,,,,,,,,,,,
கூ,Vowel-Consonants ,Uyirmei_Eluthu,uyirmei_vallinam,uyirmei_nedil_eluthu,,,,,,,,,,,
ஙூ,Vowel-Consonants ,Uyirmei_Eluthu,uyirmei_mellinam,uyirmei_nedil_eluthu,,,,,,,,,,,
சூ,Vowel-Consonants ,Uyirmei_Eluthu,uyirmei_vallinam,uyirmei_nedil_eluthu,,,,,,,,,,,
ஞூ,Vowel-Consonants ,Uyirmei_Eluthu,uyirmei_mellinam,uyirmei_nedil_eluthu,,,,,,,,,,,
டூ,Vowel-Consonants ,Uyirmei_Eluthu,uyirmei_vallinam,uyirmei_nedil_eluthu,,,,,,,,,,,
ணூ,Vowel-Consonants ,Uyirmei_Eluthu,uyirmei_mellinam,uyirmei_nedil_eluthu,,,,,,,,,,,
தூ,Vowel-Consonants ,Uyirmei_Eluthu,uyirmei_vallinam,uyirmei_nedil_eluthu,,,,,,,,,,,
நூ,Vowel-Consonants ,Uyirmei_Eluthu,uyirmei_mellinam,uyirmei_nedil_eluthu,,,,,,,,,,,
பூ,Vowel-Consonants ,Uyirmei_Eluthu,uyirmei_vallinam,uyirmei_nedil_eluthu,,,,,,,,,,,
மூ,Vowel-Consonants ,Uyirmei_Eluthu,uyirmei_mellinam,uyirmei_nedil_eluthu,,,,,,,,,,,
யூ,Vowel-Consonants ,Uyirmei_Eluthu,uyirmei_idaiyinam,uyirmei_nedil_eluthu,,,,,,,,,,,
ரூ,Vowel-Consonants ,Uyirmei_Eluthu,uyirmei_idaiyinam,uyirmei_nedil_eluthu,,,,,,,,,,,
லூ,Vowel-Consonants ,Uyirmei_Eluthu,uyirmei_idaiyinam,uyirmei_nedil_eluthu,,,,,,,,,,,
வூ,Vowel-Consonants ,Uyirmei_Eluthu,uyirmei_idaiyinam,uyirmei_nedil_eluthu,,,,,,,,,,,
ழூ,Vowel-Consonants ,Uyirmei_Eluthu,uyirmei_idaiyinam,uyirmei_nedil_eluthu,,,,,,,,,,,
ளூ,Vowel-Consonants ,Uyirmei_Eluthu,uyirmei_idaiyinam,uyirmei_nedil_eluthu,,,,,,,,,,,
றூ,Vowel-Consonants ,Uyirmei_Eluthu,uyirmei_vallinam,uyirmei_nedil_eluthu,,,,,,,,,,,
னூ,Vowel-Consonants ,Uyirmei_Eluthu,uyirmei_mellinam,uyirmei_nedil_eluthu,,,,,,,,,,,
கெ,Vowel-Consonants ,Uyirmei_Eluthu,uyirmei_vallinam,uyirmei_kuril_eluthu,,,,,,,,,,,
ஙெ,Vowel-Consonants ,Uyirmei_Eluthu,uyirmei_mellinam,uyirmei_kuril_eluthu,,,,,,,,,,,
செ,Vowel-Consonants ,Uyirmei_Eluthu,uyirmei_vallinam,uyirmei_kuril_eluthu,,,,,,,,,,,
ஞெ,Vowel-Consonants ,Uyirmei_Eluthu,uyirmei_mellinam,uyirmei_kuril_eluthu,,,,,,,,,,,
டெ,Vowel-Consonants ,Uyirmei_Eluthu,uyirmei_vallinam,uyirmei_kuril_eluthu,,,,,,,,,,,
ணெ,Vowel-Consonants ,Uyirmei_Eluthu,uyirmei_mellinam,uyirmei_kuril_eluthu,,,,,,,,,,,
தெ,Vowel-Consonants ,Uyirmei_Eluthu,uyirmei_vallinam,uyirmei_kuril_eluthu,,,,,,,,,,,
நெ,Vowel-Consonants ,Uyirmei_Eluthu,uyirmei_mellinam,uyirmei_kuril_eluthu,,,,,,,,,,,
பெ,Vowel-Consonants ,Uyirmei_Eluthu,uyirmei_vallinam,uyirmei_kuril_eluthu,,,,,,,,,,,
மெ,Vowel-Consonants ,Uyirmei_Eluthu,uyirmei_mellinam,uyirmei_kuril_eluthu,,,,,,,,,,,
யெ,Vowel-Consonants ,Uyirmei_Eluthu,uyirmei_idaiyinam,uyirmei_kuril_eluthu,,,,,,,,,,,
ரெ,Vowel-Consonants ,Uyirmei_Eluthu,uyirmei_idaiyinam,uyirmei_kuril_eluthu,,,,,,,,,,,
லெ,Vowel-Consonants ,Uyirmei_Eluthu,uyirmei_idaiyinam,uyirmei_kuril_eluthu,,,,,,,,,,,
வெ,Vowel-Consonants ,Uyirmei_Eluthu,uyirmei_idaiyinam,uyirmei_kuril_eluthu,,,,,,,,,,,
ழெ,Vowel-Consonants ,Uyirmei_Eluthu,uyirmei_idaiyinam,uyirmei_kuril_eluthu,,,,,,,,,,,
ளெ,Vowel-Consonants ,Uyirmei_Eluthu,uyirmei_idaiyinam,uyirmei_kuril_eluthu,,,,,,,,,,,
றெ,Vowel-Consonants ,Uyirmei_Eluthu,uyirmei_vallinam,uyirmei_kuril_eluthu,,,,,,,,,,,
னெ,Vowel-Consonants ,Uyirmei_Eluthu,uyirmei_mellinam,uyirmei_kuril_eluthu,,,,,,,,,,,
கே,Vowel-Consonants ,Uyirmei_Eluthu,uyirmei_vallinam,uyirmei_nedil_eluthu,,,,,,,,,,,
ஙே,Vowel-Consonants ,Uyirmei_Eluthu,uyirmei_mellinam,uyirmei_nedil_eluthu,,,,,,,,,,,
சே,Vowel-Consonants ,Uyirmei_Eluthu,uyirmei_vallinam,uyirmei_nedil_eluthu,,,,,,,,,,,
ஞே,Vowel-Consonants ,Uyirmei_Eluthu,uyirmei_mellinam,uyirmei_nedil_eluthu,,,,,,,,,,,
டே,Vowel-Consonants ,Uyirmei_Eluthu,uyirmei_vallinam,uyirmei_nedil_eluthu,,,,,,,,,,,
ணே,Vowel-Consonants ,Uyirmei_Eluthu,uyirmei_mellinam,uyirmei_nedil_eluthu,,,,,,,,,,,
தே,Vowel-Consonants ,Uyirmei_Eluthu,uyirmei_vallinam,uyirmei_nedil_eluthu,,,,,,,,,,,
நே,Vowel-Consonants ,Uyirmei_Eluthu,uyirmei_mellinam,uyirmei_nedil_eluthu,,,,,,,,,,,
பே,Vowel-Consonants ,Uyirmei_Eluthu,uyirmei_vallinam,uyirmei_nedil_eluthu,,,,,,,,,,,
மே,Vowel-Consonants ,Uyirmei_Eluthu,uyirmei_mellinam,uyirmei_nedil_eluthu,,,,,,,,,,,
யே,Vowel-Consonants ,Uyirmei_Eluthu,uyirmei_idaiyinam,uyirmei_nedil_eluthu,,,,,,,,,,,
ரே,Vowel-Consonants ,Uyirmei_Eluthu,uyirmei_idaiyinam,uyirmei_nedil_eluthu,,,,,,,,,,,
லே,Vowel-Consonants ,Uyirmei_Eluthu,uyirmei_idaiyinam,uyirmei_nedil_eluthu,,,,,,,,,,,
வே,Vowel-Consonants ,Uyirmei_Eluthu,uyirmei_idaiyinam,uyirmei_nedil_eluthu,,,,,,,,,,,
ழே,Vowel-Consonants ,Uyirmei_Eluthu,uyirmei_idaiyinam,uyirmei_nedil_eluthu,,,,,,,,,,,
ளே,Vowel-Consonants ,Uyirmei_Eluthu,uyirmei_idaiyinam,uyirmei_nedil_eluthu,,,,,,,,,,,
றே,Vowel-Consonants ,Uyirmei_Eluthu,uyirmei_vallinam,uyirmei_nedil_eluthu,,,,,,,,,,,
னே,Vowel-Consonants ,Uyirmei_Eluthu,uyirmei_mellinam,uyirmei_nedil_eluthu,,,,,,,,,,,
கை,Vowel-Consonants ,Uyirmei_Eluthu,uyirmei_vallinam,uyirmei_nedil_eluthu,,,,,,,,,,,
ஙை,Vowel-Consonants ,Uyirmei_Eluthu,uyirmei_mellinam,uyirmei_nedil_eluthu,,,,,,,,,,,
சை,Vowel-Consonants ,Uyirmei_Eluthu,uyirmei_vallinam,uyirmei_nedil_eluthu,,,,,,,,,,,
ஞை,Vowel-Consonants ,Uyirmei_Eluthu,uyirmei_mellinam,uyirmei_nedil_eluthu,,,,,,,,,,,
டை,Vowel-Consonants ,Uyirmei_Eluthu,uyirmei_vallinam,uyirmei_nedil_eluthu,,,,,,,,,,,
ணை,Vowel-Consonants ,Uyirmei_Eluthu,uyirmei_mellinam,uyirmei_nedil_eluthu,,,,,,,,,,,
தை,Vowel-Consonants ,Uyirmei_Eluthu,uyirmei_vallinam,uyirmei_nedil_eluthu,,,,,,,,,,,
நை,Vowel-Consonants ,Uyirmei_Eluthu,uyirmei_mellinam,uyirmei_nedil_eluthu,,,,,,,,,,,
பை,Vowel-Consonants ,Uyirmei_Eluthu,uyirmei_vallinam,uyirmei_nedil_eluthu,,,,,,,,,,,
மை,Vowel-Consonants ,Uyirmei_Eluthu,uyirmei_mellinam,uyirmei_nedil_eluthu,,,,,,,,,,,
யை,Vowel-Consonants ,Uyirmei_Eluthu,uyirmei_idaiyinam,uyirmei_nedil_eluthu,,,,,,,,,,,
ரை,Vowel-Consonants ,Uyirmei_Eluthu,uyirmei_idaiyinam,uyirmei_nedil_eluthu,,,,,,,,,,,
லை,Vowel-Consonants ,Uyirmei_Eluthu,uyirmei_idaiyinam,uyirmei_nedil_eluthu,,,,,,,,,,,
வை,Vowel-Consonants ,Uyirmei_Eluthu,uyirmei_idaiyinam,uyirmei_nedil_eluthu,,,,,,,,,,,
ழை,Vowel-Consonants ,Uyirmei_Eluthu,uyirmei_idaiyinam,uyirmei_nedil_eluthu,,,,,,,,,,,
ளை,Vowel-Consonants ,Uyirmei_Eluthu,uyirmei_idaiyinam,uyirmei_nedil_eluthu,,,,,,,,,,,
றை,Vowel-Consonants ,Uyirmei_Eluthu,uyirmei_vallinam,uyirmei_nedil_eluthu,,,,,,,,,,,
னை,Vowel-Consonants ,Uyirmei_Eluthu,uyirmei_mellinam,uyirmei_nedil_eluthu,,,,,,,,,,,
கொ,Vowel-Consonants ,Uyirmei_Eluthu,uyirmei_vallinam,uyirmei_kuril_eluthu,,,,,,,,,,,
ஙொ,Vowel-Consonants ,Uyirmei_Eluthu,uyirmei_mellinam,uyirmei_kuril_eluthu,,,,,,,,,,,
சொ,Vowel-Consonants ,Uyirmei_Eluthu,uyirmei_vallinam,uyirmei_kuril_eluthu,,,,,,,,,,,
ஞொ,Vowel-Consonants ,Uyirmei_Eluthu,uyirmei_mellinam,uyirmei_kuril_eluthu,,,,,,,,,,,
டொ,Vowel-Consonants ,Uyirmei_Eluthu,uyirmei_vallinam,uyirmei_kuril_eluthu,,,,,,,,,,,
ணொ,Vowel-Consonants ,Uyirmei_Eluthu,uyirmei_mellinam,uyirmei_kuril_eluthu,,,,,,,,,,,
தொ,Vowel-Consonants ,Uyirmei_Eluthu,uyirmei_vallinam,uyirmei_kuril_eluthu,,,,,,,,,,,
நொ,Vowel-Consonants ,Uyirmei_Eluthu,uyirmei_mellinam,uyirmei_kuril_eluthu,,,,,,,,,,,
பொ,Vowel-Consonants ,Uyirmei_Eluthu,uyirmei_vallinam,uyirmei_kuril_eluthu,,,,,,,,,,,
மொ,Vowel-Consonants ,Uyirmei_Eluthu,uyirmei_mellinam,uyirmei_kuril_eluthu,,,,,,,,,,,
யொ,Vowel-Consonants ,Uyirmei_Eluthu,uyirmei_idaiyinam,uyirmei_kuril_eluthu,,,,,,,,,,,
ரொ,Vowel-Consonants ,Uyirmei_Eluthu,uyirmei_idaiyinam,uyirmei_kuril_eluthu,,,,,,,,,,,
லொ,Vowel-Consonants ,Uyirmei_Eluthu,uyirmei_idaiyinam,uyirmei_kuril_eluthu,,,,,,,,,,,
வொ,Vowel-Consonants ,Uyirmei_Eluthu,uyirmei_idaiyinam,uyirmei_kuril_eluthu,,,,,,,,,,,
ழொ,Vowel-Consonants ,Uyirmei_Eluthu,uyirmei_idaiyinam,uyirmei_kuril_eluthu,,,,,,,,,,,
ளொ,Vowel-Consonants ,Uyirmei_Eluthu,uyirmei_idaiyinam,uyirmei_kuril_eluthu,,,,,,,,,,,
றொ,Vowel-Consonants ,Uyirmei_Eluthu,uyirmei_vallinam,uyirmei_kuril_eluthu,,,,,,,,,,,
னொ,Vowel-Consonants ,Uyirmei_Eluthu,uyirmei_mellinam,uyirmei_kuril_eluthu,,,,,,,,,,,
கோ,Vowel-Consonants ,Uyirmei_Eluthu,uyirmei_vallinam,uyirmei_nedil_eluthu,,,,,,,,,,,
ஙோ,Vowel-Consonants ,Uyirmei_Eluthu,uyirmei_mellinam,uyirmei_nedil_eluthu,,,,,,,,,,,
சோ,Vowel-Consonants ,Uyirmei_Eluthu,uyirmei_vallinam,uyirmei_nedil_eluthu,,,,,,,,,,,
ஞோ,Vowel-Consonants ,Uyirmei_Eluthu,uyirmei_mellinam,uyirmei_nedil_eluthu,,,,,,,,,,,
டோ,Vowel-Consonants ,Uyirmei_Eluthu,uyirmei_vallinam,uyirmei_nedil_eluthu,,,,,,,,,,,
ணோ,Vowel-Consonants ,Uyirmei_Eluthu,uyirmei_mellinam,uyirmei_nedil_eluthu,,,,,,,,,,,
தோ,Vowel-Consonants ,Uyirmei_Eluthu,uyirmei_vallinam,uyirmei_nedil_eluthu,,,,,,,,,,,
நோ,Vowel-Consonants ,Uyirmei_Eluthu,uyirmei_mellinam,uyirmei_nedil_eluthu,,,,,,,,,,,
போ,Vowel-Consonants ,Uyirmei_Eluthu,uyirmei_vallinam,uyirmei_nedil_eluthu,,,,,,,,,,,
மோ,Vowel-Consonants ,Uyirmei_Eluthu,uyirmei_mellinam,uyirmei_nedil_eluthu,,,,,,,,,,,
யோ,Vowel-Consonants ,Uyirmei_Eluthu,uyirmei_idaiyinam,uyirmei_nedil_eluthu,,,,,,,,,,,
ரோ,Vowel-Consonants ,Uyirmei_Eluthu,uyirmei_idaiyinam,uyirmei_nedil_eluthu,,,,,,,,,,,
லோ,Vowel-Consonants ,Uyirmei_Eluthu,uyirmei_idaiyinam,uyirmei_nedil_eluthu,,,,,,,,,,,
வோ,Vowel-Consonants ,Uyirmei_Eluthu,uyirmei_idaiyinam,uyirmei_nedil_eluthu,,,,,,,,,,,
ழோ,Vowel-Consonants ,Uyirmei_Eluthu,uyirmei_idaiyinam,uyirmei_nedil_eluthu,,,,,,,,,,,
ளோ,Vowel-Consonants ,Uyirmei_Eluthu,uyirmei_idaiyinam,uyirmei_nedil_eluthu,,,,,,,,,,,
றோ,Vowel-Consonants ,Uyirmei_Eluthu,uyirmei_vallinam,uyirmei_nedil_eluthu,,,,,,,,,,,
னோ,Vowel-Consonants ,Uyirmei_Eluthu,uyirmei_mellinam,uyirmei_nedil_eluthu,,,,,,,,,,,
கௌ,Vowel-Consonants ,Uyirmei_Eluthu,uyirmei_vallinam,uyirmei_nedil_eluthu,,,,,,,,,,,
ஙௌ,Vowel-Consonants ,Uyirmei_Eluthu,uyirmei_mellinam,uyirmei_nedil_eluthu,,,,,,,,,,,
சௌ,Vowel-Consonants ,Uyirmei_Eluthu,uyirmei_vallinam,uyirmei_nedil_eluthu,,,,,,,,,,,
ஞௌ,Vowel-Consonants ,Uyirmei_Eluthu,uyirmei_mellinam,uyirmei_nedil_eluthu,,,,,,,,,,,
டௌ,Vowel-Consonants ,Uyirmei_Eluthu,uyirmei_vallinam,uyirmei_nedil_eluthu,,,,,,,,,,,
ணௌ,Vowel-Consonants ,Uyirmei_Eluthu,uyirmei_mellinam,uyirmei_nedil_eluthu,,,,,,,,,,,
தௌ,Vowel-Consonants ,Uyirmei_Eluthu,uyirmei_vallinam,uyirmei_nedil_eluthu,,,,,,,,,,,
நௌ,Vowel-Consonants ,Uyirmei_Eluthu,uyirmei_mellinam,uyirmei_nedil_eluthu,,,,,,,,,,,
பௌ,Vowel-Consonants ,Uyirmei_Eluthu,uyirmei_vallinam,uyirmei_nedil_eluthu,,,,,,,,,,,
மௌ,Vowel-Consonants ,Uyirmei_Eluthu,uyirmei_mellinam,uyirmei_nedil_eluthu,,,,,,,,,,,
யௌ,Vowel-Consonants ,Uyirmei_Eluthu,uyirmei_idaiyinam,uyirmei_nedil_eluthu,,,,,,,,,,,
ரௌ,Vowel-Consonants ,Uyirmei_Eluthu,uyirmei_idaiyinam,uyirmei_nedil_eluthu,,,,,,,,,,,
லௌ,Vowel-Consonants ,Uyirmei_Eluthu,uyirmei_idaiyinam,uyirmei_nedil_eluthu,,,,,,,,,,,
வௌ,Vowel-Consonants ,Uyirmei_Eluthu,uyirmei_idaiyinam,uyirmei_nedil_eluthu,,,,,,,,,,,
ழௌ,Vowel-Consonants ,Uyirmei_Eluthu,uyirmei_idaiyinam,uyirmei_nedil_eluthu,,,,,,,,,,,
ளௌ,Vowel-Consonants ,Uyirmei_Eluthu,uyirmei_idaiyinam,uyirmei_nedil_eluthu,,,,,,,,,,,
றௌ,Vowel-Consonants ,Uyirmei_Eluthu,uyirmei_vallinam,uyirmei_nedil_eluthu,,,,,,,,,,,
னௌ,Vowel-Consonants ,Uyirmei_Eluthu,uyirmei_mellinam,uyirmei_nedil_eluthu,,,,,,,,,,,
ஜ்,Grantha_Consonants,Vada_Mozhi_Eluthukal,,,,,,,,,,,,,
ஸ்,Grantha_Consonants,Vada_Mozhi_Eluthukal,,,,,,,,,,,,,
ஷ்,Grantha_Consonants,Vada_Mozhi_Eluthukal,,,,,,,,,,,,,
ஹ்,Grantha_Consonants,Vada_Mozhi_Eluthukal,,,,,,,,,,,,,
ஜ,Grantha_Consonants,Vada_Mozhi_Eluthukal,,,,,,,,,,,,,
ஸ,Grantha_Consonants,Vada_Mozhi_Eluthukal,,,,,,,,,,,,,
ஷ,Grantha_Consonants,Vada_Mozhi_Eluthukal,,,,,,,,,,,,,
ஹ,Grantha_Consonants,Vada_Mozhi_Eluthukal,,,,,,,,,,,,,
ஜா,Grantha_Consonants,Vada_Mozhi_Eluthukal,,,,,,,,,,,,,
ஸா,Grantha_Consonants,Vada_Mozhi_Eluthukal,,,,,,,,,,,,,
ஷா,Grantha_Consonants,Vada_Mozhi_Eluthukal,,,,,,,,,,,,,
ஹா,Grantha_Consonants,Vada_Mozhi_Eluthukal,,,,,,,,,,,,,
ஜி,Grantha_Consonants,Vada_Mozhi_Eluthukal,,,,,,,,,,,,,
ஸி,Grantha_Consonants,Vada_Mozhi_Eluthukal,,,,,,,,,,,,,
ஷி,Grantha_Consonants,Vada_Mozhi_Eluthukal,,,,,,,,,,,,,
ஹி,Grantha_Consonants,Vada_Mozhi_Eluthukal,,,,,,,,,,,,,
ஜீ,Grantha_Consonants,Vada_Mozhi_Eluthukal,,,,,,,,,,,,,
ஸீ,Grantha_Consonants,Vada_Mozhi_Eluthukal,,,,,,,,,,,,,
ஷீ,Grantha_Consonants,Vada_Mozhi_Eluthukal,,,,,,,,,,,,,
ஹீ,Grantha_Consonants,Vada_Mozhi_Eluthukal,,,,,,,,,,,,,
ஜு,Grantha_Consonants,Vada_Mozhi_Eluthukal,,,,,,,,,,,,,
ஸு,Grantha_Consonants,Vada_Mozhi_Eluthukal,,,,,,,,,,,,,
ஷு,Grantha_Consonants,Vada_Mozhi_Eluthukal,,,,,,,,,,,,,
ஹு,Grantha_Consonants,Vada_Mozhi_Eluthukal,,,,,,,,,,,,,
ஜூ,Grantha_Consonants,Vada_Mozhi_Eluthukal,,,,,,,,,,,,,
ஸூ,Grantha_Consonants,Vada_Mozhi_Eluthukal,,,,,,,,,,,,,
ஷூ,Grantha_Consonants,Vada_Mozhi_Eluthukal,,,,,,,,,,,,,
ஹூ,Grantha_Consonants,Vada_Mozhi_Eluthukal,,,,,,,,,,,,,
ஜெ,Grantha_Consonants,Vada_Mozhi_Eluthukal,,,,,,,,,,,,,
ஸெ,Grantha_Consonants,Vada_Mozhi_Eluthukal,,,,,,,,,,,,,
ஷெ,Grantha_Consonants,Vada_Mozhi_Eluthukal,,,,,,,,,,,,,
ஹெ,Grantha_Consonants,Vada_Mozhi_Eluthukal,,,,,,,,,,,,,
ஜே,Grantha_Consonants,Vada_Mozhi_Eluthukal,,,,,,,,,,,,,
ஸே,Grantha_Consonants,Vada_Mozhi_Eluthukal,,,,,,,,,,,,,
ஷே,Grantha_Consonants,Vada_Mozhi_Eluthukal,,,,,,,,,,,,,
ஹே,Grantha_Consonants,Vada_Mozhi_Eluthukal,,,,,,,,,,,,,
ஜை,Grantha_Consonants,Vada_Mozhi_Eluthukal,,,,,,,,,,,,,
ஸை,Grantha_Consonants,Vada_Mozhi_Eluthukal,,,,,,,,,,,,,
ஷை,Grantha_Consonants,Vada_Mozhi_Eluthukal,,,,,,,,,,,,,
ஹை,Grantha_Consonants,Vada_Mozhi_Eluthukal,,,,,,,,,,,,,
ஜொ,Grantha_Consonants,Vada_Mozhi_Eluthukal,,,,,,,,,,,,,
ஸொ,Grantha_Consonants,Vada_Mozhi_Eluthukal,,,,,,,,,,,,,
ஷொ,Grantha_Consonants,Vada_Mozhi_Eluthukal,,,,,,,,,,,,,
ஹொ,Grantha_Consonants,Vada_Mozhi_Eluthukal,,,,,,,,,,,,,
ஜோ,Grantha_Consonants,Vada_Mozhi_Eluthukal,,,,,,,,,,,,,
ஸோ,Grantha_Consonants,Vada_Mozhi_Eluthukal,,,,,,,,,,,,,
ஷோ,Grantha_Consonants,Vada_Mozhi_Eluthukal,,,,,,,,,,,,,
ஹோ,Grantha_Consonants,Vada_Mozhi_Eluthukal,,,,,,,,,,,,,
ஜௌ,Grantha_Consonants,Vada_Mozhi_Eluthukal,,,,,,,,,,,,,
ஸௌ,Grantha_Consonants,Vada_Mozhi_Eluthukal,,,,,,,,,,,,,
ஷௌ,Grantha_Consonants,Vada_Mozhi_Eluthukal,,,,,,,,,,,,,
ஹௌ,Grantha_Consonants,Vada_Mozhi_Eluthukal,,,,,,,,,,,,,
ஸ்ரீ,Grantha_Consonants,Vada_Mozhi_Eluthukal,,,,,,,,,,,,,
க்ஷ்,Grantha_Consonants,Vada_Mozhi_Eluthukal,,,,,,,,,,,,,
க்ஷ,Grantha_Consonants,Vada_Mozhi_Eluthukal,,,,,,,,,,,,,
க்ஷா,Grantha_Consonants,Vada_Mozhi_Eluthukal,,,,,,,,,,,,,
க்ஷி,Grantha_Consonants,Vada_Mozhi_Eluthukal,,,,,,,,,,,,,
க்ஷீ,Grantha_Consonants,Vada_Mozhi_Eluthukal,,,,,,,,,,,,,
க்ஷூ,Grantha_Consonants,Vada_Mozhi_Eluthukal,,,,,,,,,,,,,
க்ஷெ,Grantha_Consonants,Vada_Mozhi_Eluthukal,,,,,,,,,,,,,
க்ஷே,Grantha_Consonants,Vada_Mozhi_Eluthukal,,,,,,,,,,,,,
க்ஷை,Grantha_Consonants,Vada_Mozhi_Eluthukal,,,,,,,,,,,,,
க்ஷொ,Grantha_Consonants,Vada_Mozhi_Eluthukal,,,,,,,,,,,,,
க்ஷோ,Grantha_Consonants,Vada_Mozhi_Eluthukal,,,,,,,,,,,,,
க்ஷௌ,Grantha_Consonants,Vada_Mozhi_Eluthukal,,,,,,,,,,,,,